Model,MLI,SD,AG,MSE,PSNR,EN,MI,NCIE,SCD,FMI_pixel,FMI_dct,FMI_wavelet,FMI_edge,QABF_fast,QABF,LABF,NABF,NABF1,SF,SSIM,MS_SSIM,Q,Qw,Qe,VIF,VIFF,CC,Qp
FDFusion,62.139227,54.242303,5.023372,0.033442,14.996572,4.836915,3.103120,0.807123,0.657479,0.564560,0.389055,0.339761,0.872628,0.430103,0.665393,0.333453,0.001154,0.005098,21.447613,0.198198,0.836629,0.389659,0.649211,0.363505,0.493450,0.289323,0.790632,0.324500
FRAC-HCM,50.269372,61.028304,5.031794,0.031057,15.281136,3.848168,3.844271,0.809654,0.861875,0.719280,0.276690,0.464710,0.869160,0.463906,0.639053,0.357734,0.003214,0.011106,22.153963,0.635460,0.840251,0.769595,0.602724,0.304448,0.487505,0.315730,0.785994,0.281071
MDHU-fusion,71.534275,53.513025,5.016147,0.038807,14.402034,4.263323,3.611046,0.808903,0.599944,0.708032,0.339239,0.458002,0.874194,0.445939,0.673388,0.325769,0.000843,0.003358,22.623807,0.197155,0.830336,0.352679,0.631728,0.366781,0.500827,0.283518,0.783003,0.343245
SWTSWR,77.827557,43.013153,5.141574,0.044742,13.630957,4.962494,2.610955,0.805790,0.251978,0.603237,0.379750,0.394449,0.875654,0.400293,0.677074,0.321766,0.001160,0.004915,21.443375,0.192781,0.798459,0.343262,0.631208,0.376599,0.383084,0.223018,0.787909,0.345477
