Model,MLI,SD,AG,MSE,PSNR,EN,MI,NCIE,SCD,FMI_pixel,FMI_dct,FMI_wavelet,FMI_edge,QABF_fast,QABF,LABF,NABF,NABF1,SF,SSIM,MS_SSIM,Q,Qw,Qe,VIF,VIFF,CC,Qp
FDFusion,75.826363,78.252061,9.730310,0.044169,16.735420,5.737482,3.953385,0.812168,1.025809,0.517185,0.442049,0.346881,0.879499,0.717324,0.906755,0.090082,0.003163,0.010749,30.300605,0.321726,0.883779,0.666560,0.909895,0.842577,0.765307,0.454679,0.808761,0.519354
FRAC-HCM,97.247716,42.377635,5.415790,0.067470,12.275297,4.758170,4.383485,0.814085,-0.285891,0.653996,0.360054,0.497681,0.879462,0.320714,0.562965,0.436657,0.000377,0.000941,16.925668,0.226732,0.726209,0.393953,0.678917,0.318389,0.656654,0.223545,0.802278,0.492472
MDHU-fusion,92.412538,43.240625,5.447865,0.061405,12.738912,4.711901,4.466992,0.815330,-0.275226,0.665053,0.401317,0.505042,0.878941,0.357083,0.598999,0.400962,0.000039,0.000104,17.171239,0.237889,0.734493,0.402797,0.694442,0.344353,0.683388,0.229374,0.800201,0.534630
SWTSWR,75.184307,82.403548,11.120149,0.054392,31.274279,4.692839,5.035921,0.822175,0.253366,0.685966,0.538867,0.499499,0.887836,0.794017,0.912163,0.087830,0.000007,0.000649,34.510352,0.375660,0.818824,0.840949,0.905857,0.896961,1.042152,0.389004,0.758938,0.811471
