Model,MLI,SD,AG,MSE,PSNR,EN,MI,NCIE,SCD,FMI_pixel,FMI_dct,FMI_wavelet,FMI_edge,QABF_fast,QABF,LABF,NABF,NABF1,SF,SSIM,MS_SSIM,Q,Qw,Qe,VIF,VIFF,CC,Qp
FDFusion,51.541766,58.579205,6.269152,0.016780,20.838419,5.261877,3.696210,0.810158,1.063826,0.565479,0.422596,0.316061,0.877629,0.686976,0.899196,0.091868,0.008936,0.082754,20.363959,0.272956,0.935034,0.652321,0.886524,0.820471,0.680353,0.510464,0.869547,0.499293
FRAC-HCM,65.934213,38.768854,4.096990,0.024622,16.662439,4.481116,4.530303,0.813719,-0.175156,0.676865,0.317165,0.485359,0.855474,0.537923,0.745485,0.253620,0.000896,0.002910,13.227772,0.226080,0.859173,0.407972,0.725705,0.424770,0.612539,0.293943,0.867454,0.492397
MDHU-fusion,65.407754,39.480732,4.295493,0.023709,16.900704,4.482673,4.344957,0.813625,-0.125276,0.679775,0.354751,0.478409,0.869822,0.578296,0.792573,0.206679,0.000748,0.002918,13.835264,0.230318,0.873199,0.418496,0.753663,0.494113,0.651281,0.310168,0.869429,0.508760
SWTSWR,46.268215,59.041607,6.879628,0.017674,31.697009,4.097173,4.719481,0.817849,0.090417,0.715325,0.532394,0.502052,0.894858,0.770892,0.910479,0.084968,0.004554,0.076820,22.190450,0.303008,0.906377,0.844114,0.907527,0.890479,1.037850,0.466363,0.837088,0.746657
